-3.626424670219421387e-01,-3.546527028083801270e-01,-3.458175361156463623e-01,-3.360482752323150635e-01,-3.252457976341247559e-01,-3.132958412170410156e-01,-3.000647127628326416e-01,-2.853900492191314697e-01,-2.690687775611877441e-01,-2.508367598056793213e-01,-2.303405404090881348e-01,-2.070917934179306030e-01,-1.803991645574569702e-01,-1.492624282836914062e-01,-1.122099459171295166e-01,-6.703942269086837769e-02,-1.041286066174507141e-02,6.279951333999633789e-02,1.606011837720870972e-01,2.958658337593078613e-01,4.901795983314514160e-01,7.752862572669982910e-01,1.129454731941223145e+00,1.284253239631652832e+00,1.105894446372985840e+00,9.102879166603088379e-01,7.838917374610900879e-01,7.001262903213500977e-01,6.395821571350097656e-01,5.926240086555480957e-01,5.544941425323486328e-01,5.226365327835083008e-01,4.955087900161743164e-01,4.720818996429443359e-01,4.516162574291229248e-01,4.335542023181915283e-01,4.174621105194091797e-01,4.029952585697174072e-01,3.898754715919494629e-01,3.778777420520782471e-01,3.668172061443328857e-01,3.565444052219390869e-01,3.469367325305938721e-01,3.378955721855163574e-01,3.293414711952209473e-01,3.212111890316009521e-01,3.134552836418151855e-01,3.060345947742462158e-01,2.989199161529541016e-01,2.920887470245361328e-01
-3.568719923496246338e-01,-3.482276201248168945e-01,-3.386789262294769287e-01,-3.281355202198028564e-01,-3.164959549903869629e-01,-3.036445677280426025e-01,-2.894461750984191895e-01,-2.737392187118530273e-01,-2.563219368457794189e-01,-2.369384616613388062e-01,-2.152522355318069458e-01,-1.908100098371505737e-01,-1.629863828420639038e-01,-1.308973133563995361e-01,-9.326422214508056641e-02,-4.819226264953613281e-02,7.196597754955291748e-03,7.738225162029266357e-02,1.695511788129806519e-01,2.957570552825927734e-01,4.773975610733032227e-01,7.490048408508300781e-01,1.100033044815063477e+00,1.267472624778747559e+00,1.098908066749572754e+00,9.063848257064819336e-01,7.813716530799865723e-01,6.983493566513061523e-01,6.382326483726501465e-01,5.915514230728149414e-01,5.536217093467712402e-01,5.219181776046752930e-01,4.949141144752502441e-01,4.715882539749145508e-01,4.512053132057189941e-01,4.332104325294494629e-01,4.171718358993530273e-01,4.027459025382995605e-01,3.896565139293670654e-01,3.776791393756866455e-01,3.666316866874694824e-01,3.563652932643890381e-01,3.467593789100646973e-01,3.377163410186767578e-01,3.291576802730560303e-01,3.210210502147674561e-01,3.132573664188385010e-01,3.058283627033233643e-01,2.987047731876373291e-01,2.918651401996612549e-01
-3.495478034019470215e-01,-3.401558697223663330e-01,-3.298013806343078613e-01,-3.183929026126861572e-01,-3.058289587497711182e-01,-2.919947206974029541e-01,-2.767573297023773193e-01,-2.599587142467498779e-01,-2.414076477289199829e-01,-2.208664864301681519e-01,-1.980327069759368896e-01,-1.725144386291503906e-01,-1.437878161668777466e-01,-1.111347228288650513e-01,-7.353257387876510620e-02,-2.946793660521507263e-02,2.338965609669685364e-02,8.877152204513549805e-02,1.729080677032470703e-01,2.867918908596038818e-01,4.511394202709197998e-01,7.025064826011657715e-01,1.043678164482116699e+00,1.226925969123840332e+00,1.078122138977050781e+00,8.947046399116516113e-01,7.738716602325439453e-01,6.930539011955261230e-01,6.342125535011291504e-01,5.883417725563049316e-01,5.509759187698364258e-01,5.196954607963562012e-01,4.930263757705688477e-01,4.699732065200805664e-01,4.498150646686553955e-01,4.320043623447418213e-01,4.161151349544525146e-01,4.018084406852722168e-01,3.888128995895385742e-01,3.769083321094512939e-01,3.659167587757110596e-01,3.556928932666778564e-01,3.461194634437561035e-01,3.371013104915618896e-01,3.285620212554931641e-01,3.204413652420043945e-01,3.126907348632812500e-01,3.052730560302734375e-01,2.981602549552917480e-01,2.913304567337036133e-01
-3.406238853931427002e-01,-3.303994238376617432e-01,-3.191580772399902344e-01,-3.068094849586486816e-01,-2.932545542716979980e-01,-2.783820033073425293e-01,-2.620651721954345703e-01,-2.441574037075042725e-01,-2.244863510131835938e-01,-2.028467059135437012e-01,-1.789910197257995605e-01,-1.526157855987548828e-01,-1.233363896608352661e-01,-9.064383804798126221e-02,-5.381751805543899536e-02,-1.176978647708892822e-02,3.725085780024528503e-02,9.620995819568634033e-02,1.703629493713378906e-01,2.695499658584594727e-01,4.134142398834228516e-01,6.393631696701049805e-01,9.635707139968872070e-01,1.164055585861206055e+00,1.044216871261596680e+00,8.755260705947875977e-01,7.615127563476562500e-01,6.843030452728271484e-01,6.275604963302612305e-01,5.830221176147460938e-01,5.465778708457946777e-01,5.159848332405090332e-01,4.898577332496643066e-01,4.672456979751586914e-01,4.474506080150604248e-01,4.299387037754058838e-01,4.142930507659912109e-01,4.001829624176025391e-01,3.873443901538848877e-01,3.755645453929901123e-01,3.646717071533203125e-01,3.545265495777130127e-01,3.450165092945098877e-01,3.360505998134613037e-01,3.275554478168487549e-01,3.194729685783386230e-01,3.117567598819732666e-01,3.043708801269531250e-01,2.972876727581024170e-01,2.904863059520721436e-01
-3.300720751285552979e-01,-3.189448118209838867e-01,-3.067535758018493652e-01,-2.934120893478393555e-01,-2.788268625736236572e-01,-2.628941833972930908e-01,-2.454999089241027832e-01,-2.265161126852035522e-01,-2.058010548353195190e-01,-1.831993162631988525e-01,-1.585398167371749878e-01,-1.316358894109725952e-01,-1.022740602493286133e-01,-7.018499076366424561e-02,-3.497543185949325562e-02,4.012104123830795288e-03,4.797444865107536316e-02,9.917390346527099609e-02,1.619864851236343384e-01,2.451551556587219238e-01,3.670116961002349854e-01,5.645074248313903809e-01,8.651584982872009277e-01,1.081725835800170898e+00,9.983792901039123535e-01,8.493413925170898438e-01,7.445130944252014160e-01,6.722062230110168457e-01,6.183447837829589844e-01,5.756438970565795898e-01,5.404697656631469727e-01,5.108209848403930664e-01,4.854356646537780762e-01,4.634260833263397217e-01,4.441267251968383789e-01,4.270232617855072021e-01,4.117116928100585938e-01,3.978727459907531738e-01,3.852528035640716553e-01,3.736485540866851807e-01,3.628970384597778320e-01,3.528662621974945068e-01,3.434507548809051514e-01,3.345642685890197754e-01,3.261376023292541504e-01,3.181157410144805908e-01,3.104548752307891846e-01,3.031203746795654297e-01,2.960856258869171143e-01,2.893312275409698486e-01
-3.178908824920654297e-01,-3.058099746704101562e-01,-2.926302254199981689e-01,-2.782725989818572998e-01,-2.626525163650512695e-01,-2.456800490617752075e-01,-2.272594571113586426e-01,-2.072919607162475586e-01,-1.856804490089416504e-01,-1.623355150222778320e-01,-1.371855139732360840e-01,-1.101850718259811401e-01,-8.131369948387145996e-02,-5.055648088455200195e-02,-1.784344017505645752e-02,1.708629727363586426e-02,5.495134368538856506e-02,9.744414687156677246e-02,1.482436656951904297e-01,2.151692360639572144e-01,3.151576519012451172e-01,4.835418462753295898e-01,7.557026147842407227e-01,9.842562079429626465e-01,9.422425627708435059e-01,8.168303966522216797e-01,7.231851816177368164e-01,6.569238901138305664e-01,6.066653132438659668e-01,5.662828683853149414e-01,5.327144265174865723e-01,5.042567253112792969e-01,4.798027276992797852e-01,4.585467278957366943e-01,4.398670196533203125e-01,4.232740700244903564e-01,4.083817601203918457e-01,3.948848545551300049e-01,3.825425505638122559e-01,3.711630702018737793e-01,3.605942428112030029e-01,3.507134616374969482e-01,3.414226770401000977e-01,3.326417207717895508e-01,3.243075609207153320e-01,3.163680434226989746e-01,3.087824285030364990e-01,3.015184998512268066e-01,2.945508360862731934e-01,2.878606617450714111e-01
-3.041112124919891357e-01,-2.910516858100891113e-01,-2.768754363059997559e-01,-2.615137994289398193e-01,-2.448963820934295654e-01,-2.269518971443176270e-01,-2.076121568679809570e-01,-1.868179738521575928e-01,-1.645303666591644287e-01,-1.407445371150970459e-01,-1.155066341161727905e-01,-8.892844617366790771e-02,-6.119235232472419739e-02,-3.253151103854179382e-02,-3.167083486914634705e-03,2.683364227414131165e-02,5.783159658312797546e-02,9.113086760044097900e-02,1.299513280391693115e-01,1.814187020063400269e-01,2.610950469970703125e-01,4.018443524837493896e-01,6.430335640907287598e-01,8.770865797996520996e-01,8.777764439582824707e-01,7.788196206092834473e-01,6.979247331619262695e-01,6.386663913726806641e-01,5.926538109779357910e-01,5.550380945205688477e-01,5.233941078186035156e-01,4.963598251342773438e-01,4.730139970779418945e-01,4.526507556438446045e-01,4.347031116485595703e-01,4.187140166759490967e-01,4.043190777301788330e-01,3.912303745746612549e-01,3.792211115360260010e-01,3.681136369705200195e-01,3.577671051025390625e-01,3.480699360370635986e-01,3.389326632022857666e-01,3.302833139896392822e-01,3.220637738704681396e-01,3.142273426055908203e-01,3.067360818386077881e-01,2.995607852935791016e-01,2.926775217056274414e-01,2.860685288906097412e-01
-2.888025343418121338e-01,-2.747709751129150391e-01,-2.596262097358703613e-01,-2.433139234781265259e-01,-2.257823944091796875e-01,-2.069862633943557739e-01,-1.868928521871566772e-01,-1.654939353466033936e-01,-1.428226679563522339e-01,-1.189730167388916016e-01,-9.412128478288650513e-02,-6.854327768087387085e-02,-4.261697083711624146e-02,-1.679708249866962433e-02,8.461330085992813110e-03,3.285896405577659607e-02,5.654915794730186462e-02,8.065560460090637207e-02,1.081864833831787109e-01,1.457889378070831299e-01,2.077025026082992554e-01,3.238074481487274170e-01,5.340605974197387695e-01,7.660930156707763672e-01,8.071607351303100586e-01,7.362295389175415039e-01,6.691939830780029297e-01,6.176903843879699707e-01,5.764741301536560059e-01,5.420298576354980469e-01,5.126061439514160156e-01,4.872117042541503906e-01,4.651353955268859863e-01,4.457891583442687988e-01,4.286735355854034424e-01,4.133713841438293457e-01,3.995442688465118408e-01,3.869235813617706299e-01,3.752989768981933594e-01,3.645071983337402344e-01,3.544204533100128174e-01,3.449389040470123291e-01,3.359829187393188477e-01,3.274889588356018066e-01,3.194056153297424316e-01,3.116911649703979492e-01,3.043123781681060791e-01,2.972419261932373047e-01,2.904588878154754639e-01,2.839463353157043457e-01
-2.720779478549957275e-01,-2.571170926094055176e-01,-2.410715669393539429e-01,-2.239059060811996460e-01,-2.055922895669937134e-01,-1.861173808574676514e-01,-1.654931008815765381e-01,-1.437730789184570312e-01,-1.210726797580718994e-01,-9.759485721588134766e-02,-7.365008443593978882e-02,-4.967226088047027588e-02,-2.621338516473770142e-02,-3.903901204466819763e-03,1.664231717586517334e-02,3.501230850815773010e-02,5.131379142403602600e-02,6.669633090496063232e-02,8.416435122489929199e-02,1.100278794765472412e-01,1.572346538305282593e-01,2.524452507495880127e-01,4.337385892868041992e-01,6.567590236663818359e-01,7.326568365097045898e-01,6.900311112403869629e-01,6.375058293342590332e-01,5.942935943603515625e-01,5.583177208900451660e-01,5.273967385292053223e-01,5.004597306251525879e-01,4.769014120101928711e-01,4.562391340732574463e-01,4.380197227001190186e-01,4.218232035636901855e-01,4.072800576686859131e-01,3.940824866294860840e-01,3.819832503795623779e-01,3.707901239395141602e-01,3.603544533252716064e-01,3.505629301071166992e-01,3.413266241550445557e-01,3.325777351856231689e-01,3.242611289024353027e-01,3.163334727287292480e-01,3.087584674358367920e-01,3.015077114105224609e-01,2.945571541786193848e-01,2.878885567188262939e-01,2.814861238002777100e-01
-2.540967762470245361e-01,-2.382877767086029053e-01,-2.214512377977371216e-01,-2.035741060972213745e-01,-1.846576780080795288e-01,-1.647270768880844116e-01,-1.438466161489486694e-01,-1.221398115158081055e-01,-9.981223940849304199e-02,-7.717755436897277832e-02,-5.467582866549491882e-02,-3.288159891963005066e-02,-1.248490624129772186e-02,5.766518414020538330e-03,2.119011059403419495e-02,3.338398411870002747e-02,4.257365688681602478e-02,5.010627582669258118e-02,5.911020562052726746e-02,7.559984922409057617e-02,1.112240403890609741e-01,1.893972307443618774e-01,3.448234498500823975e-01,5.534859895706176758e-01,6.564945578575134277e-01,6.412082910537719727e-01,6.034069657325744629e-01,5.688076615333557129e-01,5.384005308151245117e-01,5.112916231155395508e-01,4.870718717575073242e-01,4.655232429504394531e-01,4.464024007320404053e-01,4.294049441814422607e-01,4.142014384269714355e-01,4.004781246185302734e-01,3.879624903202056885e-01,3.764316141605377197e-01,3.657115399837493896e-01,3.556689023971557617e-01,3.462042510509490967e-01,3.372415602207183838e-01,3.287234306335449219e-01,3.206050097942352295e-01,3.128502964973449707e-01,3.054305613040924072e-01,2.983213365077972412e-01,2.915038168430328369e-01,2.849613130092620850e-01,2.786809504032135010e-01
-2.350638061761856079e-01,-2.185273170471191406e-01,-2.010504752397537231e-01,-1.826464682817459106e-01,-1.633495092391967773e-01,-1.432297378778457642e-01,-1.224094480276107788e-01,-1.010867208242416382e-01,-7.955932617187500000e-02,-5.824799835681915283e-02,-3.770822659134864807e-02,-1.862692274153232574e-02,-1.787038519978523254e-03,1.201539486646652222e-02,2.212540805339813232e-02,2.827861905097961426e-02,3.095711395144462585e-02,3.181889280676841736e-02,3.414607420563697815e-02,4.360282793641090393e-02,7.051865756511688232e-02,1.351846307516098022e-01,2.682296037673950195e-01,4.592445492744445801e-01,5.807726979255676270e-01,5.907291769981384277e-01,5.674650669097900391e-01,5.415878891944885254e-01,5.169576406478881836e-01,4.938786029815673828e-01,4.725645184516906738e-01,4.531736969947814941e-01,4.357041716575622559e-01,4.200091063976287842e-01,4.058600366115570068e-01,3.930069804191589355e-01,3.812170922756195068e-01,3.702944517135620117e-01,3.600836098194122314e-01,3.504672944545745850e-01,3.413586914539337158e-01,3.326953649520874023e-01,3.244303762912750244e-01,3.165284097194671631e-01,3.089627027511596680e-01,3.017113208770751953e-01,2.947559058666229248e-01,2.880814671516418457e-01,2.816752195358276367e-01,2.755261957645416260e-01
-2.152256369590759277e-01,-1.981201469898223877e-01,-1.801916062831878662e-01,-1.614820659160614014e-01,-1.420634686946868896e-01,-1.220536679029464722e-01,-1.016371548175811768e-01,-8.108767122030258179e-02,-6.079132854938507080e-02,-4.126440361142158508e-02,-2.315649576485157013e-02,-7.232818752527236938e-03,5.684111267328262329e-03,1.482474803924560547e-02,1.965881884098052979e-02,2.017147839069366455e-02,1.720344647765159607e-02,1.275854185223579407e-02,1.020675525069236755e-02,1.475298404693603516e-02,3.540669009089469910e-02,8.956187963485717773e-02,2.036245912313461304e-01,3.755956590175628662e-01,5.073655843734741211e-01,5.395197272300720215e-01,5.302517414093017578e-01,5.130063295364379883e-01,4.942380785942077637e-01,4.753302335739135742e-01,4.570635557174682617e-01,4.399495720863342285e-01,4.242225587368011475e-01,4.098969697952270508e-01,3.968528807163238525e-01,3.849105536937713623e-01,3.738819062709808350e-01,3.636002242565155029e-01,3.539298474788665771e-01,3.447687029838562012e-01,3.360438346862792969e-01,3.277030885219573975e-01,3.197112381458282471e-01,3.120432794094085693e-01,3.046807646751403809e-01,2.976094484329223633e-01,2.908173501491546631e-01,2.842945158481597900e-01,2.780317664146423340e-01,2.720215618610382080e-01
-1.948648840188980103e-01,-1.773817837238311768e-01,-1.592217534780502319e-01,-1.404579877853393555e-01,-1.212019473314285278e-01,-1.016216129064559937e-01,-8.196325600147247314e-02,-6.257337331771850586e-02,-4.391778260469436646e-02,-2.659222856163978577e-02,-1.131388545036315918e-02,1.114998012781143188e-03,9.889148175716400146e-03,1.434081792831420898e-02,1.415566354990005493e-02,9.657733142375946045e-03,2.091560512781143188e-03,-6.237138062715530396e-03,-1.200298406183719635e-02,-1.057691499590873718e-02,5.774136632680892944e-03,5.183563753962516785e-02,1.499790996313095093e-01,3.029544949531555176e-01,4.378445446491241455e-01,4.884461164474487305e-01,4.923248291015625000e-01,4.834404587745666504e-01,4.704985022544860840e-01,4.558252990245819092e-01,4.406970739364624023e-01,4.259479045867919922e-01,4.120351970195770264e-01,3.991334438323974609e-01,3.872341811656951904e-01,3.762341141700744629e-01,3.659943342208862305e-01,3.563798367977142334e-01,3.472758531570434570e-01,3.385956585407257080e-01,3.302781879901885986e-01,3.222822844982147217e-01,3.145829737186431885e-01,3.071648776531219482e-01,3.000185191631317139e-01,2.931375503540039062e-01,2.865169048309326172e-01,2.801519930362701416e-01,2.740381956100463867e-01,2.681707739830017090e-01
-1.742897033691406250e-01,-1.566479355096817017e-01,-1.385006010532379150e-01,-1.199529469013214111e-01,-1.011566221714019775e-01,-8.232970535755157471e-02,-6.377722322940826416e-02,-4.591113328933715820e-02,-2.926473692059516907e-02,-1.449348218739032745e-02,-2.351274713873863220e-03,6.366096436977386475e-03,1.093074306845664978e-02,1.084900274872779846e-02,6.098791956901550293e-03,-2.604786306619644165e-03,-1.362638361752033234e-02,-2.447042241692543030e-02,-3.201616182923316956e-02,-3.229221329092979431e-02,-1.874724030494689941e-02,2.110596373677253723e-02,1.059710979461669922e-01,2.409433126449584961e-01,3.734120130538940430e-01,4.383010566234588623e-01,4.542111158370971680e-01,4.532625079154968262e-01,4.459971785545349121e-01,4.355453848838806152e-01,4.235953092575073242e-01,4.112649261951446533e-01,3.992185890674591064e-01,3.877816796302795410e-01,3.770582079887390137e-01,3.670237660408020020e-01,3.575936257839202881e-01,3.486663401126861572e-01,3.401497900485992432e-01,3.319720625877380371e-01,3.240832090377807617e-01,3.164523541927337646e-01,3.090638220310211182e-01,3.019109666347503662e-01,2.949932515621185303e-01,2.883121669292449951e-01,2.818696796894073486e-01,2.756674587726593018e-01,2.697058022022247314e-01,2.639835476875305176e-01
-1.538245677947998047e-01,-1.362616419792175293e-01,-1.183850616216659546e-01,-1.003315746784210205e-01,-8.229185640811920166e-02,-6.453104317188262939e-02,-4.740738123655319214e-02,-3.138939663767814636e-02,-1.706313714385032654e-02,-5.121028050780296326e-03,3.679815679788589478e-03,8.596498519182205200e-03,9.035702794790267944e-03,4.743412137031555176e-03,-3.956789150834083557e-03,-1.594799011945724487e-02,-2.927733771502971649e-02,-4.141129553318023682e-02,-4.958049952983856201e-02,-5.049724876880645752e-02,-3.866074606776237488e-02,-3.574073314666748047e-03,7.023228704929351807e-02,1.887176930904388428e-01,3.148704171180725098e-01,3.897969126701354980e-01,4.163939654827117920e-01,4.228313565254211426e-01,4.209902286529541016e-01,4.146732389926910400e-01,4.058903455734252930e-01,3.959988951683044434e-01,3.858479857444763184e-01,3.759037256240844727e-01,3.663776814937591553e-01,3.573257327079772949e-01,3.487190008163452148e-01,3.404933214187622070e-01,3.325802683830261230e-01,3.249226808547973633e-01,3.174815475940704346e-01,3.102347552776336670e-01,3.031742870807647705e-01,2.963021397590637207e-01,2.896252870559692383e-01,2.831532657146453857e-01,2.768955826759338379e-01,2.708597183227539062e-01,2.650517225265502930e-01,2.594752311706542969e-01
-1.337978243827819824e-01,-1.165605038404464722e-01,-9.921525418758392334e-02,-8.192880451679229736e-02,-6.492758542299270630e-02,-4.851938039064407349e-02,-3.310837969183921814e-02,-1.920999959111213684e-02,-7.446512579917907715e-03,1.477524638175964355e-03,6.836466491222381592e-03,7.988452911376953125e-03,4.528500139713287354e-03,-3.507692366838455200e-03,-1.542557403445243835e-02,-2.974196895956993103e-02,-4.430336877703666687e-02,-5.670113116502761841e-02,-6.462042033672332764e-02,-6.542560458183288574e-02,-5.451905354857444763e-02,-2.311094477772712708e-02,4.147639498114585876e-02,1.452107429504394531e-01,2.626278996467590332e-01,3.435603082180023193e-01,3.793021440505981445e-01,3.924819231033325195e-01,3.957242071628570557e-01,3.933887779712677002e-01,3.877145648002624512e-01,3.802479207515716553e-01,3.719993531703948975e-01,3.635615706443786621e-01,3.552460074424743652e-01,3.471863567829132080e-01,3.394110500812530518e-01,3.318957984447479248e-01,3.245972394943237305e-01,3.174734413623809814e-01,3.104959428310394287e-01,3.036501705646514893e-01,2.969347834587097168e-01,2.903585731983184814e-01,2.839355468750000000e-01,2.776826918125152588e-01,2.716161906719207764e-01,2.657505869865417480e-01,2.600975334644317627e-01,2.546658217906951904e-01
-1.145287603139877319e-01,-9.786273539066314697e-02,-8.130069077014923096e-02,-6.503546237945556641e-02,-4.932647198438644409e-02,-3.451788425445556641e-02,-2.105456218123435974e-02,-9.486297145485877991e-03,-4.553087055683135986e-04,5.349114537239074707e-03,7.271084934473037720e-03,4.813253879547119141e-03,-2.194672822952270508e-03,-1.339525915682315826e-02,-2.773183770477771759e-02,-4.342950507998466492e-02,-5.827799439430236816e-02,-7.013589888811111450e-02,-7.718987762928009033e-02,-7.738205045461654663e-02,-6.687037646770477295e-02,-3.832403570413589478e-02,1.855863630771636963e-02,1.093003451824188232e-01,2.167456448078155518e-01,3.001197576522827148e-01,3.433096408843994141e-01,3.625192344188690186e-01,3.704340755939483643e-01,3.718665242195129395e-01,3.692001700401306152e-01,3.641120791435241699e-01,3.577491343021392822e-01,3.508166372776031494e-01,3.437148630619049072e-01,3.366507291793823242e-01,3.297097980976104736e-01,3.229083716869354248e-01,3.162301480770111084e-01,3.096501827239990234e-01,3.031492233276367188e-01,2.967198491096496582e-01,2.903657257556915283e-01,2.841007709503173828e-01,2.779455482959747314e-01,2.719228267669677734e-01,2.660553455352783203e-01,2.603644132614135742e-01,2.548679411411285400e-01,2.495796084403991699e-01
-9.631748497486114502e-02,-8.045519888401031494e-02,-6.490632891654968262e-02,-4.988651722669601440e-02,-3.568381816148757935e-02,-2.267541363835334778e-02,-1.133891940116882324e-02,-2.248661592602729797e-03,3.954514861106872559e-03,6.624851375818252563e-03,5.213435739278793335e-03,-5.919486284255981445e-04,-1.069331169128417969e-02,-2.440359070897102356e-02,-4.034296423196792603e-02,-5.655165016651153564e-02,-7.090823352336883545e-02,-8.164167404174804688e-02,-8.743134140968322754e-02,-8.669923990964889526e-02,-7.622778415679931641e-02,-4.993155598640441895e-02,4.888176918029785156e-04,7.990494370460510254e-02,1.770099997520446777e-01,2.598924040794372559e-01,3.087358176708221436e-01,3.332124352455139160e-01,3.453380465507507324e-01,3.502728343009948730e-01,3.504754006862640381e-01,3.476915657520294189e-01,3.431754708290100098e-01,3.377307653427124023e-01,3.318364620208740234e-01,3.257647156715393066e-01,3.196558654308319092e-01,3.135669529438018799e-01,3.075103163719177246e-01,3.014791905879974365e-01,2.954643070697784424e-01,2.894637882709503174e-01,2.834855616092681885e-01,2.775478959083557129e-01,2.716749310493469238e-01,2.658948004245758057e-01,2.602362632751464844e-01,2.547263801097869873e-01,2.493890225887298584e-01,2.442440092563629150e-01
-7.943047583103179932e-02,-6.458084285259246826e-02,-5.024290829896926880e-02,-3.665284439921379089e-02,-2.412457019090652466e-02,-1.306511089205741882e-02,-3.979003056883811951e-03,2.549026161432266235e-03,5.899854004383087158e-03,5.503036081790924072e-03,9.524263441562652588e-04,-7.846582680940628052e-03,-2.051100507378578186e-02,-3.603845089673995972e-02,-5.279364436864852905e-02,-6.875601410865783691e-02,-8.202145993709564209e-02,-9.124167263507843018e-02,-9.553830325603485107e-02,-9.371004998683929443e-02,-8.305395394563674927e-02,-5.855011940002441406e-02,-1.357444748282432556e-02,5.603381618857383728e-02,1.430134177207946777e-01,2.231650054454803467e-01,2.758512794971466064e-01,3.047929406166076660e-01,3.206357359886169434e-01,3.287644386291503906e-01,3.316641151905059814e-01,3.310856521129608154e-01,3.283569812774658203e-01,3.243667781352996826e-01,3.196626901626586914e-01,3.145737051963806152e-01,3.092888891696929932e-01,3.039067387580871582e-01,2.984686493873596191e-01,2.929865419864654541e-01,2.874626517295837402e-01,2.819007635116577148e-01,2.763121724128723145e-01,2.707166075706481934e-01,2.651410102844238281e-01,2.596177458763122559e-01,2.541798353195190430e-01,2.488597333431243896e-01,2.436870336532592773e-01,2.386868000030517578e-01
-6.409047544002532959e-02,-5.042781680822372437e-02,-3.745798021554946899e-02,-2.543578296899795532e-02,-1.470131613314151764e-02,-5.689749494194984436e-03,1.075804233551025391e-03,5.014933645725250244e-03,5.556520074605941772e-03,2.235453575849533081e-03,-5.181338638067245483e-03,-1.654884964227676392e-02,-3.119819983839988708e-02,-4.784925282001495361e-02,-6.470122933387756348e-02,-7.979702949523925781e-02,-9.154607355594635010e-02,-9.902776777744293213e-02,-1.017289012670516968e-01,-9.872989356517791748e-02,-8.775669336318969727e-02,-6.470376253128051758e-02,-2.433872781693935394e-02,3.680657967925071716e-02,1.142327338457107544e-01,1.900883316993713379e-01,2.448807656764984131e-01,2.774540781974792480e-01,2.965063154697418213e-01,3.074864447116851807e-01,3.128818273544311523e-01,3.143900036811828613e-01,3.133724629878997803e-01,3.107886314392089844e-01,3.072466850280761719e-01,3.031226694583892822e-01,2.986498773097991943e-01,2.939637005329132080e-01,2.891360521316528320e-01,2.841989994049072266e-01,2.791670560836791992e-01,2.740494608879089355e-01,2.688605487346649170e-01,2.636207640171051025e-01,2.583588361740112305e-01,2.531079947948455811e-01,2.479047477245330811e-01,2.427859008312225342e-01,2.377855479717254639e-01,2.329345047473907471e-01
-5.046700686216354370e-02,-3.812335059046745300e-02,-2.663207612931728363e-02,-1.626930013298988342e-02,-7.402578368782997131e-03,-4.912838339805603027e-04,3.931123763322830200e-03,5.309093743562698364e-03,3.145515918731689453e-03,-2.890750765800476074e-03,-1.283597573637962341e-02,-2.629648149013519287e-02,-4.233337938785552979e-02,-5.944606661796569824e-02,-7.577091455459594727e-02,-8.952622860670089722e-02,-9.949001669883728027e-02,-1.051356643438339233e-01,-1.062269210815429688e-01,-1.020482480525970459e-01,-9.068973362445831299e-02,-6.883233785629272461e-02,-3.239570558071136475e-02,2.145859599113464355e-02,9.009337425231933594e-02,1.606770306825637817e-01,2.160025388002395630e-01,2.513534724712371826e-01,2.731046378612518311e-01,2.865726947784423828e-01,2.942365109920501709e-01,2.976958155632019043e-01,2.982992529869079590e-01,2.970602810382843018e-01,2.946404218673706055e-01,2.914574146270751953e-01,2.877788543701171875e-01,2.837744355201721191e-01,2.795447409152984619e-01,2.751440405845642090e-01,2.705996334552764893e-01,2.659279704093933105e-01,2.611456811428070068e-01,2.562734186649322510e-01,2.513391971588134766e-01,2.463769018650054932e-01,2.414245307445526123e-01,2.365209162235260010e-01,2.317045927047729492e-01,2.270103991031646729e-01
-3.866773843765258789e-02,-2.772861160337924957e-02,-1.778085157275199890e-02,-9.125977754592895508e-03,-2.159919589757919312e-03,2.637073397636413574e-03,4.736572504043579102e-03,3.629725426435470581e-03,-1.080252230167388916e-03,-9.566502645611763000e-03,-2.165360935032367706e-02,-3.670249134302139282e-02,-5.353671312332153320e-02,-7.050819694995880127e-02,-8.579444140195846558e-02,-9.787675738334655762e-02,-1.059174984693527222e-01,-1.097222715616226196e-01,-1.092477589845657349e-01,-1.039239168167114258e-01,-9.215711802244186401e-02,-7.130634039640426636e-02,-3.823859617114067078e-02,9.333018213510513306e-03,7.001356780529022217e-02,1.348279267549514771e-01,1.893454492092132568e-01,2.266154289245605469e-01,2.505632638931274414e-01,2.661439776420593262e-01,2.758274376392364502e-01,2.810867726802825928e-01,2.832115888595581055e-01,2.832452654838562012e-01,2.818981707096099854e-01,2.796230018138885498e-01,2.767158150672912598e-01,2.733748555183410645e-01,2.697275876998901367e-01,2.658498585224151611e-01,2.617840468883514404e-01,2.575548291206359863e-01,2.531812787055969238e-01,2.486846745014190674e-01,2.440910935401916504e-01,2.394333481788635254e-01,2.347486317157745361e-01,2.300769686698913574e-01,2.254591584205627441e-01,2.209339737892150879e-01
-2.873579971492290497e-02,-1.924097910523414612e-02,-1.086050271987915039e-02,-3.926184028387069702e-03,1.137681305408477783e-03,3.839284181594848633e-03,3.673586994409561157e-03,2.013891935348510742e-04,-6.849363446235656738e-03,-1.747525483369827271e-02,-3.128548711538314819e-02,-4.740989208221435547e-02,-6.448158621788024902e-02,-8.078721165657043457e-02,-9.464211761951446533e-02,-1.048481762409210205e-01,-1.109308600425720215e-01,-1.129533201456069946e-01,-1.109933108091354370e-01,-1.045854389667510986e-01,-9.241790324449539185e-02,-7.243447005748748779e-02,-4.227737337350845337e-02,-1.270510256290435791e-04,5.343944951891899109e-02,1.123441606760025024e-01,1.649834811687469482e-01,2.033352404832839966e-01,2.289895713329315186e-01,2.463083565235137939e-01,2.577444612979888916e-01,2.646393477916717529e-01,2.681781947612762451e-01,2.694048285484313965e-01,2.690719366073608398e-01,2.676644623279571533e-01,2.655009627342224121e-01,2.628013789653778076e-01,2.597170472145080566e-01,2.563453912734985352e-01,2.527446448802947998e-01,2.489494085311889648e-01,2.449824213981628418e-01,2.408652007579803467e-01,2.366217672824859619e-01,2.322822213172912598e-01,2.278820574283599854e-01,2.234604358673095703e-01,2.190585136413574219e-01,2.147173881530761719e-01
-2.065191045403480530e-02,-1.260111108422279358e-02,-5.778931081295013428e-03,-5.516968667507171631e-04,2.632617950439453125e-03,3.284778445959091187e-03,9.433291852474212646e-04,-4.736529663205146790e-03,-1.388305425643920898e-02,-2.630586177110671997e-02,-4.140287637710571289e-02,-5.810026451945304871e-02,-7.489809393882751465e-02,-9.010529518127441406e-02,-1.022534966468811035e-01,-1.104882210493087769e-01,-1.146533787250518799e-01,-1.149919331073760986e-01,-1.116466820240020752e-01,-1.042313724756240845e-01,-9.169166535139083862e-02,-7.247480005025863647e-02,-4.485237598419189453e-02,-7.392084226012229919e-03,3.986040875315666199e-02,9.296508133411407471e-02,1.429338455200195312e-01,1.815804243087768555e-01,2.084676921367645264e-01,2.271606326103210449e-01,2.400708198547363281e-01,2.484225332736968994e-01,2.532618641853332520e-01,2.555978000164031982e-01,2.562137246131896973e-01,2.556264996528625488e-01,2.541732788085937500e-01,2.520900964736938477e-01,2.495464682579040527e-01,2.466609776020050049e-01,2.435078322887420654e-01,2.401326596736907959e-01,2.365645766258239746e-01,2.328253388404846191e-01,2.289373576641082764e-01,2.249271869659423828e-01,2.208270430564880371e-01,2.166734188795089722e-01,2.125066369771957397e-01,2.083677351474761963e-01
-1.434070430696010590e-02,-7.703516632318496704e-03,-2.409445121884346008e-03,1.141559332609176636e-03,2.486810088157653809e-03,1.157604157924652100e-03,-3.240991383790969849e-03,-1.093859411776065826e-02,-2.190504595637321472e-02,-3.576112538576126099e-02,-5.170581489801406860e-02,-6.849966943264007568e-02,-8.457638323307037354e-02,-9.834870696067810059e-02,-1.086224168539047241e-01,-1.148790270090103149e-01,-1.172177642583847046e-01,-1.159930825233459473e-01,-1.113709062337875366e-01,-1.030339747667312622e-01,-9.016518294811248779e-02,-7.164321094751358032e-02,-4.624573513865470886e-02,-1.285598613321781158e-02,2.881917357444763184e-02,7.639448344707489014e-02,1.231581568717956543e-01,1.613925397396087646e-01,1.890585720539093018e-01,2.087805867195129395e-01,2.228812575340270996e-01,2.324980199337005615e-01,2.385180294513702393e-01,2.418772578239440918e-01,2.433723807334899902e-01,2.435523569583892822e-01,2.427711784839630127e-01,2.412753105163574219e-01,2.392492592334747314e-01,2.368270158767700195e-01,2.341006398200988770e-01,2.311282157897949219e-01,2.279456853866577148e-01,2.245775163173675537e-01,2.210451066493988037e-01,2.173709869384765625e-01,2.135832905769348145e-01,2.097144573926925659e-01,2.058019787073135376e-01,2.018856704235076904e-01
-9.683355689048767090e-03,-4.411164671182632446e-03,-6.033517420291900635e-04,1.311488449573516846e-03,8.711144328117370605e-04,-2.351952716708183289e-03,-8.663628250360488892e-03,-1.816209964454174042e-02,-3.065044619143009186e-02,-4.556471109390258789e-02,-6.192768737673759460e-02,-7.838066667318344116e-02,-9.336251020431518555e-02,-1.054612398147583008e-01,-1.137859821319580078e-01,-1.181228607892990112e-01,-1.187579184770584106e-01,-1.160988062620162964e-01,-1.103101670742034912e-01,-1.011408716440200806e-01,-8.799439668655395508e-02,-7.011751830577850342e-02,-4.669095948338508606e-02,-1.684796437621116638e-02,1.991416886448860168e-02,6.232492998242378235e-02,1.055684685707092285e-01,1.427852958440780640e-01,1.708018481731414795e-01,1.912320107221603394e-01,2.062437683343887329e-01,2.169222980737686157e-01,2.239958047866821289e-01,2.282904982566833496e-01,2.305939793586730957e-01,2.314832806587219238e-01,2.313310205936431885e-01,2.303914725780487061e-01,2.288564145565032959e-01,2.268739342689514160e-01,2.245512902736663818e-01,2.219601869583129883e-01,2.191458940505981445e-01,2.161365151405334473e-01,2.129536420106887817e-01,2.096171528100967407e-01,2.061497420072555542e-01,2.025798559188842773e-01,1.989398598670959473e-01,1.952668428421020508e-01
-6.531614810228347778e-03,-2.569466829299926758e-03,-2.035908401012420654e-04,1.197867095470428467e-04,-2.041941508650779724e-03,-7.052926346659660339e-03,-1.511218026280403137e-02,-2.617278508841991425e-02,-3.986937552690505981e-02,-5.546563118696212769e-02,-7.183909416198730469e-02,-8.756413310766220093e-02,-1.011564731597900391e-01,-1.114332526922225952e-01,-1.178119480609893799e-01,-1.203321665525436401e-01,-1.194017678499221802e-01,-1.154368966817855835e-01,-1.085900664329528809e-01,-9.867882728576660156e-02,-8.531220257282257080e-02,-6.804759800434112549e-02,-4.638127237558364868e-02,-1.964163780212402344e-02,1.279778778553009033e-02,5.045377090573310852e-02,9.004002809524536133e-02,1.257468760013580322e-01,1.537174433469772339e-01,1.745628714561462402e-01,1.902182102203369141e-01,2.017470896244049072e-01,2.097377181053161621e-01,2.148791700601577759e-01,2.179199457168579102e-01,2.194583415985107422e-01,2.198882400989532471e-01,2.194699347019195557e-01,2.183987498283386230e-01,2.168315798044204712e-01,2.148885130882263184e-01,2.126552313566207886e-01,2.101871818304061890e-01,2.075192481279373169e-01,2.046746462583541870e-01,2.016708254814147949e-01,1.985269933938980103e-01,1.952653378248214722e-01,1.919133663177490234e-01,1.885028481483459473e-01
-4.722967743873596191e-03,-2.019118517637252808e-03,-1.054059714078903198e-03,-2.274408936500549316e-03,-6.083432585000991821e-03,-1.276071183383464813e-02,-2.238192781805992126e-02,-3.474840521812438965e-02,-4.933181405067443848e-02,-6.524124741554260254e-02,-8.124694228172302246e-02,-9.591726958751678467e-02,-1.079050302505493164e-01,-1.162940114736557007e-01,-1.207880228757858276e-01,-1.216225624084472656e-01,-1.192683279514312744e-01,-1.141215264797210693e-01,-1.063196659088134766e-01,-9.575594961643218994e-02,-8.222957700490951538e-02,-6.555633246898651123e-02,-4.547553882002830505e-02,-2.146387845277786255e-02,7.172528654336929321e-03,4.049596562981605530e-02,7.642148435115814209e-02,1.102406084537506104e-01,1.378071159124374390e-01,1.588045954704284668e-01,1.748553216457366943e-01,1.870196163654327393e-01,1.957816928625106812e-01,2.016781270503997803e-01,2.053868174552917480e-01,2.075135707855224609e-01,2.084756791591644287e-01,2.085411101579666138e-01,2.079052329063415527e-01,2.067280560731887817e-01,2.051401287317276001e-01,2.032396644353866577e-01,2.010939866304397583e-01,1.987459510564804077e-01,1.962225586175918579e-01,1.935411244630813599e-01,1.907172799110412598e-01,1.877678632736206055e-01,1.847148686647415161e-01,1.815839856863021851e-01
-4.094338044524192810e-03,-2.606611698865890503e-03,-3.006052225828170776e-03,-5.720546469092369080e-03,-1.109232567250728607e-02,-1.929793134331703186e-02,-3.027817793190479279e-02,-4.368200898170471191e-02,-5.882788076996803284e-02,-7.469794154167175293e-02,-8.999808877706527710e-02,-1.033493280410766602e-01,-1.135962903499603271e-01,-1.200995743274688721e-01,-1.228129565715789795e-01,-1.221056133508682251e-01,-1.184657067060470581e-01,-1.122512370347976685e-01,-1.035928428173065186e-01,-9.246423840522766113e-02,-7.883977890014648438e-02,-6.274630874395370483e-02,-4.410423338413238525e-02,-2.250237762928009033e-02,2.785075455904006958e-03,3.218967095017433167e-02,6.454738974571228027e-02,9.620793163776397705e-02,1.230559647083282471e-01,1.439720541238784790e-01,1.601950824260711670e-01,1.727837622165679932e-01,1.821627765893936157e-01,1.887173652648925781e-01,1.930255442857742310e-01,1.956811994314193726e-01,1.971235126256942749e-01,1.976327598094940186e-01,1.974018514156341553e-01,1.965901255607604980e-01,1.953335553407669067e-01,1.937409788370132446e-01,1.918921321630477905e-01,1.898394227027893066e-01,1.876154094934463501e-01,1.852399855852127075e-01,1.827262043952941895e-01,1.800874322652816772e-01,1.773385852575302124e-01,1.744993329048156738e-01
-4.492260515689849854e-03,-4.190698266029357910e-03,-5.923459306359291077e-03,-1.007925532758235931e-02,-1.691751554608345032e-02,-2.649747021496295929e-02,-3.861831128597259521e-02,-5.278169736266136169e-02,-6.817087531089782715e-02,-8.367151021957397461e-02,-9.797525405883789062e-02,-1.098109930753707886e-01,-1.182520389556884766e-01,-1.229269951581954956e-01,-1.239896416664123535e-01,-1.218868046998977661e-01,-1.170895546674728394e-01,-1.099136173725128174e-01,-1.004905402660369873e-01,-8.888216316699981689e-02,-7.522086799144744873e-02,-5.970105528831481934e-02,-4.237512126564979553e-02,-2.291151322424411774e-02,-5.768276751041412354e-04,2.530130743980407715e-02,5.424804612994194031e-02,8.357428014278411865e-02,1.094335913658142090e-01,1.300652027130126953e-01,1.462662070989608765e-01,1.590792387723922729e-01,1.689137816429138184e-01,1.760231107473373413e-01,1.808626055717468262e-01,1.839893311262130737e-01,1.858598589897155762e-01,1.867700368165969849e-01,1.869127899408340454e-01,1.864413619041442871e-01,1.854932755231857300e-01,1.841848790645599365e-01,1.826070845127105713e-01,1.808233708143234253e-01,1.788743883371353149e-01,1.767833530902862549e-01,1.745644360780715942e-01,1.722271889448165894e-01,1.697814166545867920e-01,1.672405004501342773e-01
-5.779543891549110413e-03,-6.646024063229560852e-03,-9.684856981039047241e-03,-1.522240228950977325e-02,-2.341748774051666260e-02,-3.420123085379600525e-02,-4.723135009407997131e-02,-6.187258288264274597e-02,-7.719609141349792480e-02,-9.202849864959716797e-02,-1.050971150398254395e-01,-1.152872145175933838e-01,-1.219196617603302002e-01,-1.248637735843658447e-01,-1.244188994169235229e-01,-1.210617274045944214e-01,-1.152245849370956421e-01,-1.071828454732894897e-01,-9.708207845687866211e-02,-8.507671952247619629e-02,-7.143788039684295654e-02,-5.649016797542572021e-02,-4.037568345665931702e-02,-2.281840145587921143e-02,-3.092568367719650269e-03,1.962326467037200928e-02,4.535785689949989319e-02,7.225385308265686035e-02,9.689867496490478516e-02,1.170698702335357666e-01,1.330847144126892090e-01,1.459387391805648804e-01,1.560650020837783813e-01,1.636179387569427490e-01,1.689187288284301758e-01,1.724615544080734253e-01,1.747090220451354980e-01,1.759762763977050781e-01,1.764587461948394775e-01,1.763032823801040649e-01,1.756419539451599121e-01,1.745956242084503174e-01,1.732646077871322632e-01,1.717236191034317017e-01,1.700226664543151855e-01,1.681912392377853394e-01,1.662457734346389771e-01,1.641950607299804688e-01,1.620448827743530273e-01,1.598021835088729858e-01
-7.839938625693321228e-03,-9.866567328572273254e-03,-1.418248750269412994e-02,-2.103221789002418518e-02,-3.045956231653690338e-02,-4.226011782884597778e-02,-5.595704913139343262e-02,-7.079539448022842407e-02,-8.576199412345886230e-02,-9.966520965099334717e-02,-1.113157421350479126e-01,-1.197936236858367920e-01,-1.246662586927413940e-01,-1.260034739971160889e-01,-1.241964846849441528e-01,-1.197161972522735596e-01,-1.129443645477294922e-01,-1.041232794523239136e-01,-9.342744946479797363e-02,-8.110428601503372192e-02,-6.754525005817413330e-02,-5.317023023962974548e-02,-3.817742690443992615e-02,-2.232724055647850037e-02,-4.911039024591445923e-03,1.497549936175346375e-02,3.771815821528434753e-02,6.215478107333183289e-02,8.540031313896179199e-02,1.049590408802032471e-01,1.206541508436203003e-01,1.333885937929153442e-01,1.436461806297302246e-01,1.515240073204040527e-01,1.572120338678359985e-01,1.611175537109375000e-01,1.636925786733627319e-01,1.652720719575881958e-01,1.660593599081039429e-01,1.661935448646545410e-01,1.657987534999847412e-01,1.649948656558990479e-01,1.638886630535125732e-01,1.625652760267257690e-01,1.610848009586334229e-01,1.594858020544052124e-01,1.577889323234558105e-01,1.560038328170776367e-01,1.541345119476318359e-01,1.521834135055541992e-01
-1.057814620435237885e-02,-1.376206800341606140e-02,-1.932181231677532196e-02,-2.740056626498699188e-02,-3.791663795709609985e-02,-5.053239315748214722e-02,-6.464719772338867188e-02,-7.940860837697982788e-02,-9.375155717134475708e-02,-1.065074950456619263e-01,-1.166144907474517822e-01,-1.233697980642318726e-01,-1.265699863433837891e-01,-1.264387071132659912e-01,-1.234111189842224121e-01,-1.179253756999969482e-01,-1.103117763996124268e-01,-1.007910221815109253e-01,-8.957815915346145630e-02,-7.701379060745239258e-02,-6.358812749385833740e-02,-4.978689178824424744e-02,-3.583770990371704102e-02,-2.152356505393981934e-02,-6.157452240586280823e-03,1.120127737522125244e-02,3.118159249424934387e-02,5.318242684006690979e-02,7.488389313220977783e-02,9.369738399982452393e-02,1.089658886194229126e-01,1.214454621076583862e-01,1.316827088594436646e-01,1.397622525691986084e-01,1.457579284906387329e-01,1.499734818935394287e-01,1.528292298316955566e-01,1.546758711338043213e-01,1.557307243347167969e-01,1.561283618211746216e-01,1.559803038835525513e-01,1.554011553525924683e-01,1.545004993677139282e-01,1.533717215061187744e-01,1.520862132310867310e-01,1.506913602352142334e-01,1.492151319980621338e-01,1.476709097623825073e-01,1.460620462894439697e-01,1.443886011838912964e-01
-1.392008550465106964e-02,-1.825849339365959167e-02,-2.501758188009262085e-02,-3.422472998499870300e-02,-4.566761106252670288e-02,-5.888307094573974609e-02,-7.316468656063079834e-02,-8.758898079395294189e-02,-1.010720133781433105e-01,-1.125093996524810791e-01,-1.210028380155563354e-01,-1.260732263326644897e-01,-1.277164518833160400e-01,-1.262590587139129639e-01,-1.221415400505065918e-01,-1.157547533512115479e-01,-1.073805689811706543e-01,-9.723345935344696045e-02,-8.557860553264617920e-02,-7.284540683031082153e-02,-5.960367619991302490e-02,-4.637748003005981445e-02,-3.340394422411918640e-02,-2.047688886523246765e-02,-6.934853270649909973e-03,8.167251944541931152e-03,2.561389654874801636e-02,4.524362459778785706e-02,6.529277563095092773e-02,8.324228227138519287e-02,9.800080955028533936e-02,1.101174503564834595e-01,1.201975792646408081e-01,1.283532083034515381e-01,1.345711052417755127e-01,1.390421241521835327e-01,1.421338915824890137e-01,1.442042291164398193e-01,1.454882621765136719e-01,1.461201906204223633e-01,1.461996734142303467e-01,1.458297073841094971e-01,1.451183259487152100e-01,1.441647261381149292e-01,1.430502682924270630e-01,1.418325155973434448e-01,1.405485123395919800e-01,1.392166912555694580e-01,1.378436386585235596e-01,1.364279091358184814e-01
-1.780874282121658325e-02,-2.329272404313087463e-02,-3.119021095335483551e-02,-4.140381142497062683e-02,-5.359336361289024353e-02,-6.718405336141586304e-02,-8.138635754585266113e-02,-9.523218870162963867e-02,-1.076546758413314819e-01,-1.176514476537704468e-01,-1.245125979185104370e-01,-1.279750019311904907e-01,-1.281917095184326172e-01,-1.255472153425216675e-01,-1.204577684402465820e-01,-1.132601797580718994e-01,-1.041978597640991211e-01,-9.349187463521957397e-02,-8.146736770868301392e-02,-6.863445788621902466e-02,-5.562226101756095886e-02,-4.297175630927085876e-02,-3.091328963637351990e-02,-1.924361474812030792e-02,-7.329231128096580505e-03,5.758102983236312866e-03,2.089316770434379578e-02,3.824731335043907166e-02,5.657171085476875305e-02,7.354776561260223389e-02,8.773088455200195312e-02,9.940242767333984375e-02,1.092066764831542969e-01,1.173164695501327515e-01,1.236653327941894531e-01,1.283340007066726685e-01,1.316190659999847412e-01,1.338711678981781006e-01,1.353450119495391846e-01,1.361810564994812012e-01,1.364671736955642700e-01,1.362923234701156616e-01,1.357569694519042969e-01,1.349630504846572876e-01,1.339989751577377319e-01,1.329337805509567261e-01,1.318136155605316162e-01,1.306652426719665527e-01,1.294996589422225952e-01,1.283164471387863159e-01
-2.220056578516960144e-02,-2.880700677633285522e-02,-3.776112943887710571e-02,-4.883724451065063477e-02,-6.157740950584411621e-02,-7.531488686800003052e-02,-8.920160681009292603e-02,-1.022542566061019897e-01,-1.134553551673889160e-01,-1.219384819269180298e-01,-1.271940022706985474e-01,-1.291524022817611694e-01,-1.280798614025115967e-01,-1.243777871131896973e-01,-1.184198111295700073e-01,-1.104894727468490601e-01,-1.008029282093048096e-01,-8.960267156362533569e-02,-7.727729529142379761e-02,-6.440950930118560791e-02,-5.166897177696228027e-02,-3.959356620907783508e-02,-2.839551493525505066e-02,-1.787035353481769562e-02,-7.411817088723182678e-03,3.875494003295898438e-03,1.691098883748054504e-02,3.210634365677833557e-02,4.866712912917137146e-02,6.456859409809112549e-02,7.812054455280303955e-02,8.928902447223663330e-02,9.872071444988250732e-02,1.066698282957077026e-01,1.130549758672714233e-01,1.178593486547470093e-01,1.212950646877288818e-01,1.236891299486160278e-01,1.253127157688140869e-01,1.263201236724853516e-01,1.267908662557601929e-01,1.267974525690078735e-01,1.264278739690780640e-01,1.257810145616531372e-01,1.249518990516662598e-01,1.240177154541015625e-01,1.230355948209762573e-01,1.220415234565734863e-01,1.210533976554870605e-01,1.200743019580841064e-01
-2.706064097583293915e-02,-3.474600985646247864e-02,-4.464944079518318176e-02,-5.642237514257431030e-02,-6.950643658638000488e-02,-8.316510915756225586e-02,-9.651690721511840820e-02,-1.085913032293319702e-01,-1.184528470039367676e-01,-1.253956854343414307e-01,-1.291097998619079590e-01,-1.296857893466949463e-01,-1.274594813585281372e-01,-1.228168457746505737e-01,-1.160795837640762329e-01,-1.074832826852798462e-01,-9.723080694675445557e-02,-8.559745550155639648e-02,-7.303765416145324707e-02,-6.019615381956100464e-02,-4.776331782341003418e-02,-3.626087307929992676e-02,-2.587392181158065796e-02,-1.639366708695888519e-02,-7.241435348987579346e-03,2.437647432088851929e-03,1.357136666774749756e-02,2.673795819282531738e-02,4.152774438261985779e-02,5.626356229186058044e-02,6.913177669048309326e-02,7.975828647613525391e-02,8.874163031578063965e-02,9.642732143402099609e-02,1.027539223432540894e-01,1.076279133558273315e-01,1.111705452203750610e-01,1.136681735515594482e-01,1.154031157493591309e-01,1.165468543767929077e-01,1.171778291463851929e-01,1.173510253429412842e-01,1.171379089355468750e-01,1.166301816701889038e-01,1.159235239028930664e-01,1.151035279035568237e-01,1.142373532056808472e-01,1.133706271648406982e-01,1.125301271677017212e-01,1.117246598005294800e-01
-3.235445171594619751e-02,-4.104906320571899414e-02,-5.176915973424911499e-02,-6.405606120824813843e-02,-7.727182656526565552e-02,-9.063525497913360596e-02,-1.032555699348449707e-01,-1.142011433839797974e-01,-1.226474046707153320e-01,-1.280653029680252075e-01,-1.303305327892303467e-01,-1.296545565128326416e-01,-1.264020055532455444e-01,-1.209220737218856812e-01,-1.134806722402572632e-01,-1.042759716510772705e-01,-9.351064264774322510e-02,-8.150292932987213135e-02,-6.877312064170837402e-02,-5.601433664560317993e-02,-4.392205923795700073e-02,-3.298840671777725220e-02,-2.336764335632324219e-02,-1.484400033950805664e-02,-6.866807118058204651e-03,1.373317092657089233e-03,1.078855991363525391e-02,2.206542715430259705e-02,3.510392084717750549e-02,4.859556630253791809e-02,6.072410568594932556e-02,7.078443467617034912e-02,7.926510274410247803e-02,8.659976720809936523e-02,9.277531504631042480e-02,9.764939546585083008e-02,1.012530028820037842e-01,1.038178354501724243e-01,1.056258380413055420e-01,1.068694144487380981e-01,1.076331138610839844e-01,1.079565435647964478e-01,1.078918576240539551e-01,1.075172573328018188e-01,1.069258749485015869e-01,1.062077134847640991e-01,1.054390668869018555e-01,1.046763062477111816e-01,1.039552539587020874e-01,1.032932698726654053e-01
-3.804389387369155884e-02,-4.764961078763008118e-02,-5.902945250272750854e-02,-7.163479924201965332e-02,-8.477291464805603027e-02,-9.764024615287780762e-02,-1.093580573797225952e-01,-1.190606355667114258e-01,-1.260580420494079590e-01,-1.300028711557388306e-01,-1.309308707714080811e-01,-1.291338652372360229e-01,-1.249711811542510986e-01,-1.187418401241302490e-01,-1.106599271297454834e-01,-1.008968949317932129e-01,-8.966892957687377930e-02,-7.734423875808715820e-02,-6.450610607862472534e-02,-5.188162997364997864e-02,-4.015691950917243958e-02,-2.978665381669998169e-02,-2.089028619229793549e-02,-1.324558630585670471e-02,-6.327871233224868774e-03,6.229281425476074219e-04,8.488170802593231201e-03,1.801611110568046570e-02,2.934778481721878052e-02,4.153317585587501526e-02,5.286050960421562195e-02,6.233758106827735901e-02,7.027950882911682129e-02,7.719108462333679199e-02,8.313086628913879395e-02,8.793382346630096436e-02,9.154976904392242432e-02,9.414567053318023682e-02,9.599034488201141357e-02,9.729637205600738525e-02,9.816175699234008789e-02,9.861667454242706299e-02,9.869134426116943359e-02,9.844617545604705811e-02,9.796606004238128662e-02,9.734229743480682373e-02,9.665817022323608398e-02,9.597980976104736328e-02,9.535391628742218018e-02,9.480600059032440186e-02
-4.408181086182594299e-02,-5.447086319327354431e-02,-6.633467227220535278e-02,-7.905849814414978027e-02,-9.191853553056716919e-02,-1.041090339422225952e-01,-1.147840321063995361e-01,-1.231669783592224121e-01,-1.287203133106231689e-01,-1.312722116708755493e-01,-1.309856176376342773e-01,-1.281928271055221558e-01,-1.232223361730575562e-01,-1.163175255060195923e-01,-1.076480448246002197e-01,-9.737122058868408203e-02,-8.572822809219360352e-02,-7.314321398735046387e-02,-6.025486066937446594e-02,-4.781188815832138062e-02,-3.647819161415100098e-02,-2.666331082582473755e-02,-1.845274865627288818e-02,-1.161717250943183899e-02,-5.658069625496864319e-03,1.362562179565429688e-04,6.604731082916259766e-03,1.452285796403884888e-02,2.421218529343605042e-02,3.504865989089012146e-02,4.550782963633537292e-02,5.438518896698951721e-02,6.176766380667686462e-02,6.820100545883178711e-02,7.382911443710327148e-02,7.849083840847015381e-02,8.206841349601745605e-02,8.465908467769622803e-02,8.650545775890350342e-02,8.783636987209320068e-02,8.877000212669372559e-02,8.933335542678833008e-02,8.953657746315002441e-02,8.941730856895446777e-02,8.904728293418884277e-02,8.851487934589385986e-02,8.790720999240875244e-02,8.729960024356842041e-02,8.674779534339904785e-02,8.628846704959869385e-02
-5.040886253118515015e-02,-6.142778322100639343e-02,-7.358768582344055176e-02,-8.623293787240982056e-02,-9.862984716892242432e-02,-1.099867075681686401e-01,-1.195096820592880249e-01,-1.265332102775573730e-01,-1.306824535131454468e-01,-1.319422870874404907e-01,-1.305667161941528320e-01,-1.268929541110992432e-01,-1.212023198604583740e-01,-1.136836558580398560e-01,-1.044711619615554810e-01,-9.372094273567199707e-02,-8.170956373214721680e-02,-6.891909241676330566e-02,-5.603626370429992676e-02,-4.381698369979858398e-02,-3.289203345775604248e-02,-2.362403273582458496e-02,-1.606347784399986267e-02,-9.974319487810134888e-03,-4.884140565991401672e-03,-1.296103000640869141e-04,5.081325769424438477e-03,1.152500137686729431e-02,1.965053379535675049e-02,2.911745756864547729e-02,3.864039108157157898e-02,4.689536616206169128e-02,5.370925739407539368e-02,5.962321534752845764e-02,6.487511098384857178e-02,6.932879984378814697e-02,7.281646132469177246e-02,7.536448538303375244e-02,7.717932760715484619e-02,7.849809527397155762e-02,7.946357131004333496e-02,8.010868728160858154e-02,8.042573928833007812e-02,8.042863011360168457e-02,8.016973733901977539e-02,7.972916960716247559e-02,7.919518649578094482e-02,7.864908874034881592e-02,7.815651595592498779e-02,7.776379585266113281e-02
-5.695386976003646851e-02,-6.843001395463943481e-02,-8.069433271884918213e-02,-9.307371079921722412e-02,-1.048412919044494629e-01,-1.152340471744537354e-01,-1.235287040472030640e-01,-1.291887760162353516e-01,-1.320011466741561890e-01,-1.320835202932357788e-01,-1.297407597303390503e-01,-1.252883076667785645e-01,-1.189511865377426147e-01,-1.108683943748474121e-01,-1.011507362127304077e-01,-8.996500074863433838e-02,-7.763116061687469482e-02,-6.468936800956726074e-02,-5.186411738395690918e-02,-3.990599140524864197e-02,-2.940448187291622162e-02,-2.067256346344947815e-02,-1.372766122221946716e-02,-8.329467847943305969e-03,-4.029508680105209351e-03,-2.104341983795166016e-04,3.868233412504196167e-03,8.966401219367980957e-03,1.561724394559860229e-02,2.371513843536376953e-02,3.223821148276329041e-02,3.983781859278678894e-02,4.608059301972389221e-02,5.144690349698066711e-02,5.626879259943962097e-02,6.045445427298545837e-02,6.380142271518707275e-02,6.626921892166137695e-02,6.802004575729370117e-02,6.929050385951995850e-02,7.024984061717987061e-02,7.094541192054748535e-02,7.135860621929168701e-02,7.147711515426635742e-02,7.133048772811889648e-02,7.098519802093505859e-02,7.052606344223022461e-02,7.003790140151977539e-02,6.959447264671325684e-02,6.925195455551147461e-02
-6.363404542207717896e-02,-7.538400590419769287e-02,-8.756525814533233643e-02,-9.950768947601318359e-02,-1.105021387338638306e-01,-1.198278814554214478e-01,-1.268506497144699097e-01,-1.311749517917633057e-01,-1.327403932809829712e-01,-1.317643076181411743e-01,-1.285687536001205444e-01,-1.234250962734222412e-01,-1.165016293525695801e-01,-1.078955084085464478e-01,-9.770549833774566650e-02,-8.612059056758880615e-02,-7.350999116897583008e-02,-6.046944856643676758e-02,-4.775020107626914978e-02,-3.608563169836997986e-02,-2.601816505193710327e-02,-1.781060546636581421e-02,-1.144974865019321442e-02,-6.691619753837585449e-03,-3.111930564045906067e-03,-1.367181539535522461e-04,2.922397106885910034e-03,6.796360015869140625e-03,1.206804066896438599e-02,1.881778985261917114e-02,2.628674730658531189e-02,3.318777307868003845e-02,3.885715827345848083e-02,4.365856572985649109e-02,4.800717905163764954e-02,5.187114700675010681e-02,5.502920225262641907e-02,5.737962201237678528e-02,5.903480574488639832e-02,6.022312864661216736e-02,6.113726273179054260e-02,6.184815242886543274e-02,6.233393028378486633e-02,6.255863606929779053e-02,6.252487003803253174e-02,6.227978691458702087e-02,6.190003082156181335e-02,6.147103384137153625e-02,6.107254698872566223e-02,6.076929345726966858e-02
-7.036040723323822021e-02,-8.219806849956512451e-02,-9.412096440792083740e-02,-1.054741144180297852e-01,-1.155756860971450806e-01,-1.237598210573196411e-01,-1.294980943202972412e-01,-1.325423866510391235e-01,-1.329660713672637939e-01,-1.310499012470245361e-01,-1.271028816699981689e-01,-1.213419139385223389e-01,-1.138803213834762573e-01,-1.047840416431427002e-01,-9.415163844823837280e-02,-8.220292627811431885e-02,-6.936188042163848877e-02,-5.627384036779403687e-02,-4.370524734258651733e-02,-3.236199542880058289e-02,-2.273511141538619995e-02,-1.503874361515045166e-02,-9.231481701135635376e-03,-5.068201571702957153e-03,-2.146417275071144104e-03,6.570667028427124023e-05,2.206578850746154785e-03,4.969548434019088745e-03,8.959945291280746460e-03,1.440011709928512573e-02,2.077484875917434692e-02,2.692591771483421326e-02,3.201576694846153259e-02,3.624212369322776794e-02,4.008255526423454285e-02,4.357926174998283386e-02,4.650464281439781189e-02,4.870207980275154114e-02,5.023159459233283997e-02,5.130513384938240051e-02,5.213552340865135193e-02,5.282331630587577820e-02,5.335317924618721008e-02,5.366970971226692200e-02,5.374640598893165588e-02,5.360695347189903259e-02,5.331392213702201843e-02,5.294940993189811707e-02,5.259653553366661072e-02,5.232748761773109436e-02
-7.704112678766250610e-02,-8.878757804632186890e-02,-1.002930253744125366e-01,-1.109260618686676025e-01,-1.200391799211502075e-01,-1.270353347063064575e-01,-1.315065324306488037e-01,-1.333488225936889648e-01,-1.327431350946426392e-01,-1.299991458654403687e-01,-1.253894865512847900e-01,-1.190710216760635376e-01,-1.111095100641250610e-01,-1.015503108501434326e-01,-9.050285816192626953e-02,-7.822665572166442871e-02,-6.520099937915802002e-02,-5.211449414491653442e-02,-3.973700106143951416e-02,-2.873882651329040527e-02,-1.955609023571014404e-02,-1.235681399703025818e-02,-7.074940949678421021e-03,-3.465177491307258606e-03,-1.145873218774795532e-03,3.755576908588409424e-04,1.688327640295028687e-03,3.444511443376541138e-03,6.252110004425048828e-03,1.043465360999107361e-02,1.569297537207603455e-02,2.103971689939498901e-02,2.553481981158256531e-02,2.918187901377677917e-02,3.248595818877220154e-02,3.557531908154487610e-02,3.822936490178108215e-02,4.024170711636543274e-02,4.161736741662025452e-02,4.254565015435218811e-02,4.325511679053306580e-02,4.387872293591499329e-02,4.441862180829048157e-02,4.480725154280662537e-02,4.498897120356559753e-02,4.495871439576148987e-02,4.476140066981315613e-02,4.447012022137641907e-02,4.416819289326667786e-02,4.393291100859642029e-02
-8.358702063560485840e-02,-9.507681429386138916e-02,-1.060258895158767700e-01,-1.158298999071121216e-01,-1.238830536603927612e-01,-1.296723932027816772e-01,-1.329201012849807739e-01,-1.336553394794464111e-01,-1.321341544389724731e-01,-1.286644935607910156e-01,-1.234665364027023315e-01,-1.166380345821380615e-01,-1.082063168287277222e-01,-9.820759296417236328e-02,-8.677205443382263184e-02,-7.420485466718673706e-02,-6.104080751538276672e-02,-4.800265282392501831e-02,-3.585317730903625488e-02,-2.521858178079128265e-02,-1.648038066923618317e-02,-9.763663634657859802e-03,-4.980273544788360596e-03,-1.886105164885520935e-03,-1.201406121253967285e-04,7.738955318927764893e-04,1.339580863714218140e-03,2.184547483921051025e-03,3.905665129423141479e-03,6.893776357173919678e-03,1.103078201413154602e-02,1.552128046751022339e-02,1.939658075571060181e-02,2.246253564953804016e-02,2.520613372325897217e-02,2.785293012857437134e-02,3.020269796252250671e-02,3.200186416506767273e-02,3.319914266467094421e-02,3.395469114184379578e-02,3.450710698962211609e-02,3.502449020743370056e-02,3.553603962063789368e-02,3.597073629498481750e-02,3.624640777707099915e-02,3.632738068699836731e-02,3.623398765921592712e-02,3.602688387036323547e-02,3.578480705618858337e-02,3.558843210339546204e-02
-8.991602063179016113e-02,-1.010020077228546143e-01,-1.112764477729797363e-01,-1.201640069484710693e-01,-1.271098107099533081e-01,-1.317000687122344971e-01,-1.337906122207641602e-01,-1.335236132144927979e-01,-1.311973333358764648e-01,-1.270917057991027832e-01,-1.213658004999160767e-01,-1.140642911195755005e-01,-1.051853448152542114e-01,-9.476782381534576416e-02,-8.297079801559448242e-02,-7.015015184879302979e-02,-5.689351633191108704e-02,-4.394824057817459106e-02,-3.205889835953712463e-02,-2.180246636271476746e-02,-1.350724324584007263e-02,-7.257673889398574829e-03,-2.947222441434860229e-03,-3.344155848026275635e-04,9.224489331245422363e-04,1.246016472578048706e-03,1.136302947998046875e-03,1.157704740762710571e-03,1.883853226900100708e-03,3.748290240764617920e-03,6.776355206966400146e-03,1.036687940359115601e-02,1.358803361654281616e-02,1.606947928667068481e-02,1.823348179459571838e-02,2.040423080325126648e-02,2.241994440555572510e-02,2.398374676704406738e-02,2.498197183012962341e-02,2.554076910018920898e-02,2.590343728661537170e-02,2.627290785312652588e-02,2.671283483505249023e-02,2.716115862131118774e-02,2.751445025205612183e-02,2.770434319972991943e-02,2.772224321961402893e-02,2.761069312691688538e-02,2.744085714221000671e-02,2.729227021336555481e-02
-9.595626592636108398e-02,-1.065120995044708252e-01,-1.160140931606292725e-01,-1.239182054996490479e-01,-1.297331750392913818e-01,-1.331568807363510132e-01,-1.341745406389236450e-01,-1.330139786005020142e-01,-1.299843639135360718e-01,-1.253186017274856567e-01,-1.191128790378570557e-01,-1.113654524087905884e-01,-1.020584106445312500e-01,-9.124125540256500244e-02,-7.910975813865661621e-02,-6.607472896575927734e-02,-5.277098715305328369e-02,-3.995978087186813354e-02,-2.835843712091445923e-02,-1.849150843918323517e-02,-1.063464209437370300e-02,-4.836568608880043030e-03,-9.751692414283752441e-04,1.187827438116073608e-03,1.975141465663909912e-03,1.778423786163330078e-03,1.057546585798263550e-03,3.342516720294952393e-04,1.533031463623046875e-04,9.682253003120422363e-04,2.915047109127044678e-03,5.574367940425872803e-03,8.101053535938262939e-03,9.990204125642776489e-03,1.155918836593627930e-02,1.322027295827865601e-02,1.487355306744575500e-02,1.618422195315361023e-02,1.696907356381416321e-02,1.731208711862564087e-02,1.745590567588806152e-02,1.763631030917167664e-02,1.795980334281921387e-02,1.838311180472373962e-02,1.879068836569786072e-02,1.908189803361892700e-02,1.921578496694564819e-02,1.921129599213600159e-02,1.912701129913330078e-02,1.903888583183288574e-02
-1.016482859849929810e-01,-1.115681678056716919e-01,-1.202190816402435303e-01,-1.270930618047714233e-01,-1.317767798900604248e-01,-1.340885758399963379e-01,-1.341290026903152466e-01,-1.321825683116912842e-01,-1.285409927368164062e-01,-1.233769506216049194e-01,-1.167277544736862183e-01,-1.085551232099533081e-01,-9.883485734462738037e-02,-8.763653039932250977e-02,-7.519983500242233276e-02,-6.198999285697937012e-02,-4.868331179022789001e-02,-3.604437410831451416e-02,-2.475494146347045898e-02,-1.528504118323326111e-02,-7.860429584980010986e-03,-2.497849985957145691e-03,9.373463690280914307e-04,2.679280936717987061e-03,3.032356500625610352e-03,2.360124140977859497e-03,1.085665076971054077e-03,-3.112703561782836914e-04,-1.317437738180160522e-03,-1.475993543863296509e-03,-5.702674388885498047e-04,1.141265034675598145e-03,2.932339906692504883e-03,4.214782267808914185e-03,5.175892263650894165e-03,6.293371319770812988e-03,7.554538547992706299e-03,8.597549051046371460e-03,9.161561727523803711e-03,9.275462478399276733e-03,9.176019579172134399e-03,9.129695594310760498e-03,9.289495646953582764e-03,9.644318372011184692e-03,1.007572934031486511e-02,1.045456156134605408e-02,1.070485264062881470e-02,1.081731542944908142e-02,1.083278283476829529e-02,1.081948727369308472e-02
-1.069456338882446289e-01,-1.161432713270187378e-01,-1.238818615674972534e-01,-1.296987384557723999e-01,-1.332734078168869019e-01,-1.345460861921310425e-01,-1.337125152349472046e-01,-1.310817748308181763e-01,-1.269056349992752075e-01,-1.212927401065826416e-01,-1.142264008522033691e-01,-1.056435704231262207e-01,-9.552296996116638184e-02,-8.396284282207489014e-02,-7.125113904476165771e-02,-5.790728330612182617e-02,-4.464005306363105774e-02,-3.220823034644126892e-02,-2.125016786158084869e-02,-1.218193955719470978e-02,-5.181973800063133240e-03,-2.387538552284240723e-04,2.791773527860641479e-03,4.138924181461334229e-03,4.089798778295516968e-03,2.982232719659805298e-03,1.204662024974822998e-03,-8.010491728782653809e-04,-2.556756138801574707e-03,-3.613041713833808899e-03,-3.698309883475303650e-03,-2.936532720923423767e-03,-1.918895170092582703e-03,-1.263823360204696655e-03,-9.209066629409790039e-04,-3.812946379184722900e-04,4.535019397735595703e-04,1.214437186717987061e-03,1.555703580379486084e-03,1.435693353414535522e-03,1.074597239494323730e-03,7.673092186450958252e-04,7.171630859375000000e-04,9.549520909786224365e-04,1.372814178466796875e-03,1.818466931581497192e-03,2.180740237236022949e-03,2.417065203189849854e-03,2.545733004808425903e-03,2.623569220304489136e-03
